FileName,length,solution_length,start_window_seq,stop_window_seq,start_window_seq.1,stop_window_bond,isApprox_seq,str_match_seq,isApprox_bond,str_match_bond,real_num_seq,real_num_bond
PDB_16S_B_158,1493,6,549,555,(658;726),(668;700),True,U->U;U->U;U->U;U->A;U->U;U->U;,True,(U; A)->(U; A);(U; A)->(U; A);(U; A)->(U; A);(U; A)->(U; A);(U; A)->(G; C);(U; A)->(U; A);(U; A)->(U; A);,1,1
PDB_16S_B_162,1493,6,549,555,(658;726),(668;700),True,U->U;U->U;U->U;U->A;U->U;U->U;,True,(U; A)->(U; A);(U; A)->(U; A);(U; A)->(U; A);(U; A)->(U; A);(U; A)->(G; C);(U; A)->(U; A);(U; A)->(U; A);,1,1
PDB_16S_B_166,1493,6,549,555,(658;726),(668;700),True,U->U;U->U;U->U;U->A;U->U;U->U;,True,(U; A)->(U; A);(U; A)->(U; A);(U; A)->(U; A);(U; A)->(U; A);(U; A)->(G; C);(U; A)->(U; A);(U; A)->(U; A);,1,1
PDB_16S_B_170,1493,6,549,555,(658;726),(668;700),True,U->U;U->U;U->U;U->A;U->U;U->U;,True,(U; A)->(U; A);(U; A)->(U; A);(U; A)->(U; A);(U; A)->(U; A);(U; A)->(G; C);(U; A)->(U; A);(U; A)->(U; A);,1,1
PDB_16S_B_173,1493,6,208,214,(658;726),(668;700),True,U->U;U->U;U->A;U->U;U->U;U->U;,True,(U; A)->(U; A);(U; A)->(U; A);(U; A)->(U; A);(U; A)->(U; A);(U; A)->(G; C);(U; A)->(U; A);(U; A)->(U; A);,1,1
PDB_23S_B_408,2585,6,604,610,(877;959),(887;949),True,U->U;U->U;U->U;U->U;U->G;U->U;,True,(U; A)->(U; A);(U; A)->(U; A);(U; A)->(U; A);(U; A)->(A; U);(U; A)->(U; A);(U; A)->(U; A);,1,1
PDB_23S_B_770,2905,6,133,139,(1437;1630),(1443;1624),True,U->U;U->U;U->U;U->U;U->A;U->U;,True,(U; A)->(U; A);(U; A)->(U; A);(U; A)->(G; C);(U; A)->(U; A);(U; A)->(U; A);(U; A)->(U; A);(U; A)->(U; A);,1,1
PDB_23S_B_796,2901,6,133,139,(1437;1627),(1443;1621),True,U->U;U->U;U->U;U->U;U->A;U->U;,True,(U; A)->(U; A);(U; A)->(U; A);(U; A)->(G; C);(U; A)->(U; A);(U; A)->(U; A);(U; A)->(U; A);(U; A)->(U; A);,1,1
PDB_23S_B_797,2901,6,133,139,(1437;1627),(1443;1621),True,U->U;U->U;U->U;U->U;U->A;U->U;,True,(U; A)->(U; A);(U; A)->(U; A);(U; A)->(G; C);(U; A)->(U; A);(U; A)->(U; A);(U; A)->(U; A);(U; A)->(U; A);,1,1
PDB_23S_B_798,2901,6,133,139,(1437;1627),(1443;1621),True,U->U;U->U;U->U;U->U;U->A;U->U;,True,(U; A)->(U; A);(U; A)->(U; A);(U; A)->(G; C);(U; A)->(U; A);(U; A)->(U; A);(U; A)->(U; A);(U; A)->(U; A);,1,1
PDB_23S_B_799,2901,6,133,139,(1437;1627),(1443;1621),True,U->U;U->U;U->U;U->U;U->A;U->U;,True,(U; A)->(U; A);(U; A)->(U; A);(U; A)->(G; C);(U; A)->(U; A);(U; A)->(U; A);(U; A)->(U; A);(U; A)->(U; A);,1,1
PDB_23S_B_800,2824,6,133,139,(1437;1627),(1443;1621),True,U->U;U->U;U->U;U->U;U->A;U->U;,True,(U; A)->(U; A);(U; A)->(U; A);(U; A)->(G; C);(U; A)->(U; A);(U; A)->(U; A);(U; A)->(U; A);(U; A)->(U; A);,1,1
PDB_23S_E_1099,2837,8,2072,2080,(1985;2005),(1992;1998),True,U->U;U->U;U->U;U->U;U->U;U->U;U->C;U->U;,True,(U; A)->(U; A);(U; A)->(U; A);(U; A)->(U; A);(U; A)->(U; A);(U; A)->(A; U);(U; A)->(U; A);,1,1
PDB_23S_E_1100,2838,8,2072,2080,(1985;2005),(1992;1998),True,U->U;U->U;U->U;U->U;U->U;U->U;U->C;U->U;,True,(U; A)->(U; A);(U; A)->(U; A);(U; A)->(U; A);(U; A)->(U; A);(U; A)->(A; U);(U; A)->(U; A);,1,1
PDB_23S_E_1101,2843,8,2072,2080,(1985;2005),(1992;1998),True,U->U;U->U;U->U;U->U;U->U;U->U;U->C;U->U;,True,(U; A)->(U; A);(U; A)->(U; A);(U; A)->(U; A);(U; A)->(U; A);(U; A)->(A; U);(U; A)->(U; A);,1,1
PDB_23S_E_245,3204,6,1511,1517,(2524;2548),(2531;2541),True,U->U;U->U;U->U;U->U;U->A;U->U;,True,(U; A)->(U; A);(U; A)->(U; A);(U; A)->(U; A);(U; A)->(A; U);(U; A)->(U; A);(U; A)->(U; A);,1,1
PDB_23S_E_402,2313,8,401,409,(956;1002),(964;994),True,U->U;U->U;U->A;U->U;U->U;U->U;U->U;U->U;,True,(U; A)->(U; A);(U; A)->(U; A);(U; A)->(U; A);(U; A)->(G; C);(U; A)->(U; A);(U; A)->(U; A);(U; A)->(U; A);(U; A)->(U; A);,1,1
